,targetname,datetime_jd,datetime_str,H,G,x,y,z,vx,vy,vz,lighttime,range,range_rate
0,99942 Apophis (2004 MN4),2462240.0625,A.D. 2029-Apr-13 13:30:00.0000,19.7,0.25,-0.001105260944258945,-0.0005815435662215059,-0.0003184462746259135,0.002557890952639287,0.002287600494641152,0.0009934265804344281,7.443930013776677e-06,0.001288876527888116,-0.003471107756422167
1,99942 Apophis (2004 MN4),2462240.065972222,A.D. 2029-Apr-13 13:35:00.0000,19.7,0.25,-0.001096376602802837,-0.0005735990497808933,-0.0003149960749480426,0.002559495127144364,0.002288443006194975,0.0009938897678874062,7.374321606165573e-06,0.001276824205721253,-0.003471026522035734
2,99942 Apophis (2004 MN4),2462240.069444444,A.D. 2029-Apr-13 13:40:00.0000,19.7,0.25,-0.001087486634474822,-0.0005656515866552636,-0.0003115442529675655,0.002561132194352267,0.002289297824770015,0.0009943610611614262,7.30471502918582e-06,0.001264772200518382,-0.003470925001015338
3,99942 Apophis (2004 MN4),2462240.072916667,A.D. 2029-Apr-13 13:45:00.0000,19.7,0.25,-0.001078590923337034,-0.0005577011336976015,-0.0003080907801763238,0.002562803156242688,0.002290165189689829,0.0009948406705117408,7.235110700944657e-06,0.001252720584672528,-0.003470802058172737
4,99942 Apophis (2004 MN4),2462240.076388889,A.D. 2029-Apr-13 13:50:00.0000,19.7,0.25,-0.001069689349900781,-0.0005497476469222279,-0.0003046356273238486,0.002564509055226816,0.002291045344767121,0.0009953288132709918,7.16550906295344e-06,0.001240669434629014,-0.003470656492871499
5,99942 Apophis (2004 MN4),2462240.079861111,A.D. 2029-Apr-13 13:55:00.0000,19.7,0.25,-0.00106078179098609,-0.0005417910814891706,-0.0003011787643923263,0.002566250976167967,0.002291938538272191,0.0009958257141332886,7.095910581498886e-06,0.00122861883112288,-0.003470487034788722
6,99942 Apophis (2004 MN4),2462240.083333333,A.D. 2029-Apr-13 14:00:00.0000,19.7,0.25,-0.001051868119569514,-0.0005338313916887046,-0.0002977201605704599,0.002568030048521116,0.002292845022885574,0.0009963316054511081,7.026315749079819e-06,0.001216568859427655,-0.003470292339368256
7,99942 Apophis (2004 MN4),2462240.086805556,A.D. 2029-Apr-13 14:05:00.0000,19.7,0.25,-0.001042948204624551,-0.0005258685309260981,-0.0002942597842266711,0.002569847448600372,0.00229376505563069,0.0009968467275453395,6.956725085940335e-06,0.001204519609620812,-0.003470070982938364
8,99942 Apophis (2004 MN4),2462240.090277778,A.D. 2029-Apr-13 14:10:00.0000,19.7,0.25,-0.00103402191095132,-0.0005179024517131349,-0.0002907976028799067,0.002571704401983316,0.002294698897785111,0.0009973713290292675,6.887139141705673e-06,0.001192471176867012,-0.003469821457471883
9,99942 Apophis (2004 MN4),2462240.09375,A.D. 2029-Apr-13 14:15:00.0000,19.7,0.25,-0.001025089099018383,-0.0005099331056283861,-0.0002873335831724865,0.002573602186060076,0.002295646814761943,0.0009979056671454805,6.817558497156221e-06,0.00118042366172526,-0.003469542164921291
10,99942 Apophis (2004 MN4),2462240.097222222,A.D. 2029-Apr-13 14:20:00.0000,19.7,0.25,-0.001016149624752169,-0.0005019604433406525,-0.0002838676908366527,0.002575542132741104,0.002296609075971874,0.0009984500081202984,6.747983766052731e-06,0.001168377170464937,-0.00346923141118998
11,99942 Apophis (2004 MN4),2462240.100694444,A.D. 2029-Apr-13 14:25:00.0000,19.7,0.25,-0.00100720333935928,-0.0004939844145700643,-0.0002803998906646961,0.002577525631329521,0.002297585954644495,0.0009990046275311667,6.678415597149251e-06,0.001156331815414325,-0.003468887399578046
12,99942 Apophis (2004 MN4),2462240.104166667,A.D. 2029-Apr-13 14:30:00.0000,19.7,0.25,-0.0009982500891193,-0.0004860049680821621,-0.0002769301464750179,0.002579554131573733,0.002298577727617474,0.0009995698106912618,6.608854676323436e-06,0.001144287715329457,-0.003468508223756162
13,99942 Apophis (2004 MN4),2462240.107638889,A.D. 2029-Apr-13 14:35:00.0000,19.7,0.25,-0.000989289715167453,-0.0004780220516750945,-0.0002734584210779711,0.002581629146911486,0.002299584675084201,0.001000145853050543,6.539301728839298e-06,0.001132244995785905,-0.003468091860187649
14,99942 Apophis (2004 MN4),2462240.111111111,A.D. 2029-Apr-13 14:40:00.0000,19.7,0.25,-0.000980322053269887,-0.000470035612168655,-0.0002699846762399283,0.002583752257919383,0.00230060708029556,0.001000733060614073,6.469757521790888e-06,0.001120203789601887,-0.003467636159955767
15,99942 Apophis (2004 MN4),2462240.114583333,A.D. 2029-Apr-13 14:45:00.0000,19.7,0.25,-0.0009713469335804308,-0.0004620455953943633,-0.0002665088726457573,0.002585925115982704,0.002301645229209801,0.001001331750378096,6.40022286668477e-06,0.001108164237285408,-0.003467138839947401
16,99942 Apophis (2004 MN4),2462240.118055556,A.D. 2029-Apr-13 14:50:00.0000,19.7,0.25,-0.0009623641803927683,-0.0004540519461867741,-0.000263030969859867,0.002588149447201643,0.002302699410083434,0.001001942250784308,6.330698622249439e-06,0.001096126487520699,-0.00346659747332978
17,99942 Apophis (2004 MN4),2462240.121527778,A.D. 2029-Apr-13 14:55:00.0000,19.7,0.25,-0.0009533736118659192,-0.0004460546083823496,-0.0002595509262851703,0.002590427056551577,0.00230376991299944,0.001002564902193771,6.261185697392708e-06,0.001084090697680268,-0.003466009479272714
18,99942 Apophis (2004 MN4),2462240.125,A.D. 2029-Apr-13 15:00:00.0000,19.7,0.25,-0.0009443750397614733,-0.0004380535247894868,-0.0002560686991227452,0.002592759832313743,0.002304857029318787,0.00100320005737931,6.191685054439328e-06,0.001072057034385481,-0.003465372111796909
19,99942 Apophis (2004 MN4),2462240.128472222,A.D. 2029-Apr-13 15:05:00.0000,19.7,0.25,-0.0009353682691200621,-0.0004300486372219669,-0.0002525842443254138,0.002595149750802799,0.002305961051051653,0.001003848082038645,6.12219771251322e-06,0.001060025674092176,-0.003464682447783203
20,99942 Apophis (2004 MN4),2462240.131944444,A.D. 2029-Apr-13 15:10:00.0000,19.7,0.25,-0.0009263530979639299,-0.0004220398864736764,-0.0002490975165529532,0.002597598881404898,0.002307082270134445,0.00100450935532724,6.05272475124828e-06,0.001047996803733166,-0.003463937373916417
21,99942 Apophis (2004 MN4),2462240.135416667,A.D. 2029-Apr-13 15:15:00.0000,19.7,0.25,-0.0009173293169624497,-0.0004140272123257325,-0.0002456084691249284,0.00260010939195629,0.002308220977602945,0.00100518427041193,5.983267314745388e-06,0.001035970621403379,-0.003463133572575525
22,99942 Apophis (2004 MN4),2462240.138888889,A.D. 2029-Apr-13 15:20:00.0000,19.7,0.25,-0.000908296709075924,-0.0004060105535517978,-0.0002421170539703466,0.002602683554485445,0.00230937746264776,0.001005873235045236,5.913826615798327e-06,0.001023947337091547,-0.003462267506531574
23,99942 Apophis (2004 MN4),2462240.142361111,A.D. 2029-Apr-13 15:25:00.0000,19.7,0.25,-0.0008992550491882309,-0.0003979898479263784,-0.0002386232215761822,0.002605323751347364,0.00231055201153825,0.001006576672160599,5.844403940487745e-06,0.001011927173475634,-0.003461335402340563
24,99942 Apophis (2004 MN4),2462240.145833333,A.D. 2029-Apr-13 15:30:00.0000,19.7,0.25,-0.0008902041037095864,-0.0003899650322363378,-0.000235126920933801,0.002608032481779869,0.002311744906397882,0.001007295020488286,5.775000653080291e-06,0.000999910366771085,-0.003460333232314071
25,99942 Apophis (2004 MN4),2462240.149305556,A.D. 2029-Apr-13 15:35:00.0000,19.7,0.25,-0.0008811436301579912,-0.0003819360422985732,-0.0002316280994828214,0.002610812368914712,0.002312956423812711,0.001008028735191713,5.705618201319231e-06,0.000987897167646878,-0.003459256694928647
26,99942 Apophis (2004 MN4),2462240.152777778,A.D. 2029-Apr-13 15:40:00.0000,19.7,0.25,-0.0008720733767153773,-0.0003739028129873987,-0.0002281267030524501,0.002613666167279463,0.002314186833252624,0.001008778288523792,5.636258122133846e-06,0.0009758878422140685,-0.003458101193527577
27,99942 Apophis (2004 MN4),2462240.15625,A.D. 2029-Apr-13 15:45:00.0000,19.7,0.25,-0.0008629930817706055,-0.0003658652782380141,-0.0002246226758028724,0.002616596770825542,0.002315436395280295,0.001009544170501826,5.566922047803238e-06,0.0009638826730930216,-0.003456861813102793
28,99942 Apophis (2004 MN4),2462240.159722222,A.D. 2029-Apr-13 15:50:00.0000,19.7,0.25,-0.0008539024733981168,-0.0003578233711176646,-0.0002211159601596314,0.002619607221531494,0.002316705359524699,0.001010326889601245,5.497611712551764e-06,0.0009518819605553765,-0.003455533295093597
29,99942 Apophis (2004 MN4),2462240.163194444,A.D. 2029-Apr-13 15:55:00.0000,19.7,0.25,-0.0008448012688433571,-0.000349777023842773,-0.0002176064967500994,0.002622700718616663,0.002317993962384808,0.001011126973464602,5.42832895973684e-06,0.0009398860237685764,-0.003454110009828959
30,99942 Apophis (2004 MN4),2462240.166666667,A.D. 2029-Apr-13 16:00:00.0000,19.7,0.25,-0.000835689173956405,-0.0003417261678359696,-0.0002140942243351888,0.002625880628421934,0.002319302424433263,0.001011944969625248,5.359075749584153e-06,0.0009278952021351775,-0.003452585926512212
31,99942 Apophis (2004 MN4),2462240.170138889,A.D. 2029-Apr-13 16:05:00.0000,19.7,0.25,-0.0008265658825931283,-0.0003336707337855007,-0.0002105790797391656,0.002629150495007274,0.002320630947480039,0.001012781446242274,5.289854167552695e-06,0.000915909856741211,-0.003450954580442431
32,99942 Apophis (2004 MN4),2462240.173611111,A.D. 2029-Apr-13 16:10:00.0000,19.7,0.25,-0.0008174310759788871,-0.0003256106517160475,-0.0002070609977766035,0.00263251405152427,0.002321979711253273,0.001013636992843377,5.220666433391421e-06,0.0009039303719242943,-0.003449209037200259
33,99942 Apophis (2004 MN4),2462240.177083333,A.D. 2029-Apr-13 16:15:00.0000,19.7,0.25,-0.0008082844220311989,-0.0003175458510721386,-0.0002035399111768383,0.002635975232426181,0.002323348869648302,0.001014512221071452,5.15151491094737e-06,0.0008919571569718543,-0.003447341853485279
34,99942 Apophis (2004 MN4),2462240.180555556,A.D. 2029-Apr-13 16:20:00.0000,19.7,0.25,-0.0007991255746369818,-0.0003094762608147933,-0.0002000157505061319,0.002639538186582851,0.002324738546489339,0.001015407765429401,5.082402118786961e-06,0.0008799906479601494,-0.003445345034255673
35,99942 Apophis (2004 MN4),2462240.184027778,A.D. 2029-Apr-13 16:25:00.0000,19.7,0.25,-0.0007899541728819866,-0.0003014018095403221,-0.000196488444086229,0.002643207291373893,0.002326148830740734,0.001016324284016757,5.013330741725618e-06,0.0008680313097505593,-0.003443209985790307
36,99942 Apophis (2004 MN4),2462240.1875,A.D. 2029-Apr-13 16:30:00.0000,19.7,0.25,-0.0007807698402457635,-0.0002933224255857026,-0.0001929579179132507,0.002646987167836785,0.002327579771095675,0.001017262459249592,4.944303643370233e-06,0.0008560796381612472,-0.003440927464180365
37,99942 Apophis (2004 MN4),2462240.190972222,A.D. 2029-Apr-13 16:35:00.0000,19.7,0.25,-0.0007715721837039947,-0.0002852380372163406,-0.0001894240955692878,0.002650882696963137,0.002329031369863889,0.001018222998555476,4.87532387966249e-06,0.0008441361623121143,-0.003438487518925012
38,99942 Apophis (2004 MN4),2462240.194444444,A.D. 2029-Apr-13 16:40:00.0000,19.7,0.25,-0.0007623607928126961,-0.0002771485727734478,-0.0001858868981360044,0.002654899037224303,0.00233050357606179,0.001019206635029553,4.806394713700683e-06,0.0008322014471911154,-0.003435879430877213
39,99942 Apophis (2004 MN4),2462240.197916667,A.D. 2029-Apr-13 16:45:00.0000,19.7,0.25,-0.0007531352387063605,-0.0002690539608792626,-0.0001823462441043064,0.002659041643434858,0.002331996277603588,0.0010202141280393,4.737519631808416e-06,0.0008202760964364703,-0.003433091644103061
40,99942 Apophis (2004 MN4),2462240.201388889,A.D. 2029-Apr-13 16:50:00.0000,19.7,0.25,-0.0007438950730371298,-0.0002609541306636558,-0.0001788020492818774,0.002663316287057838,0.002333509292472441,0.001021246263760341,4.668702361069349e-06,0.0008083607553727109,-0.003430111690909519
41,99942 Apophis (2004 MN4),2462240.204861111,A.D. 2029-Apr-13 16:55:00.0000,19.7,0.25,-0.0007346398268350799,-0.0002528490120245487,-0.0001752542266995709,0.002667729078067001,0.002335042358735638,0.001022303855622837,4.599946888412749e-06,0.0007964561143152404,-0.003426926109308129
42,99942 Apophis (2004 MN4),2462240.208333333,A.D. 2029-Apr-13 17:00:00.0000,19.7,0.25,-0.0007253690092937983,-0.0002447385359237022,-0.0001717026865158765,0.00267228648849099,0.002336595123248945,0.001023387744644434,4.531257481455112e-06,0.000784562912178949,-0.003423520352063952
43,99942 Apophis (2004 MN4),2462240.211805556,A.D. 2029-Apr-13 17:05:00.0000,19.7,0.25,-0.0007160821064702991,-0.0002366226347262443,-0.0001681473359208511,0.002676995377770649,0.002338167128872758,0.001024498799620408,4.462638711257772e-06,0.0007726819404185721,-0.003419878686394878
44,99942 Apophis (2004 MN4),2462240.215277778,A.D. 2029-Apr-13 17:10:00.0000,19.7,0.25,-0.0007067785798869234,-0.0002285012425914919,-0.0001645880790394169,0.002681863020071643,0.002339757799998413,0.00102563791713668,4.394095477169424e-06,0.0007608140473300407,-0.00341598408327543
45,99942 Apophis (2004 MN4),2462240.21875,A.D. 2029-Apr-13 17:15:00.0000,19.7,0.25,-0.0006974578650599289,-0.0002203742958883136,-0.0001610248168364231,0.002686897133696876,0.002341366426152868,0.001026806021363643,4.325633034089082e-06,0.0007489601427709138,-0.003411818095081274
46,99942 Apophis (2004 MN4),2462240.222222222,A.D. 2029-Apr-13 17:20:00.0000,19.7,0.25,-0.0006881193698754782,-0.0002122417337315482,-0.000157457447019463,0.002692105912768811,0.00234299214342007,0.001028004063583691,4.257257022160409e-06,0.0007371212033017945,-0.003407360720460233
47,99942 Apophis (2004 MN4),2462240.225694444,A.D. 2029-Apr-13 17:25:00.0000,19.7,0.25,-0.0006787624728988919,-0.0002041034985261339,-0.0001538858639473312,0.00269749806133125,0.002344633913374363,0.001029233021391791,4.188973499470681e-06,0.0007252982778479782,-0.003402590254666453
48,99942 Apophis (2004 MN4),2462240.229166667,A.D. 2029-Apr-13 17:30:00.0000,19.7,0.25,-0.0006693865215332921,-0.0001959595366195115,-0.000150309958540558,0.002703082830049275,0.002346290499182713,0.001030493897501008,4.12078897781114e-06,0.0007134924938911681,-0.003397483123903876
49,99942 Apophis (2004 MN4),2462240.232638889,A.D. 2029-Apr-13 17:35:00.0000,19.7,0.25,-0.0006599908300567258,-0.0001878097990372625,-0.0001467296181966217,0.00270887005569207,0.002347960438480476,0.001031787718072125,4.052710461983784e-06,0.0007017050642752331,-0.003392013701741749
50,99942 Apophis (2004 MN4),2462240.236111111,A.D. 2029-Apr-13 17:40:00.0000,19.7,0.25,-0.0006505746775134605,-0.0001796542423179167,-0.0001431447267124064,0.002714870203562658,0.002349642012567142,0.001033115530467772,3.984745492965467e-06,0.0006899372946798407,-0.003386154105519161
51,99942 Apophis (2004 MN4),2462240.239583333,A.D. 2029-Apr-13 17:45:00.0000,19.7,0.25,-0.000641137305452283,-0.0001714928294627667,-0.000139555164215505,0.002721094413062457,0.002351333211405721,0.001034478400317392,3.916902195374434e-06,0.0006781905918390317,-0.003379873970418637
52,99942 Apophis (2004 MN4),2462240.243055556,A.D. 2029-Apr-13 17:50:00.0000,19.7,0.25,-0.0006316779155044282,-0.0001633255310150137,-0.0001359608071069802,0.002727554546561343,0.002353031693830375,0.001035877407755725,3.84918932973161e-06,0.000666466472589985,-0.003373140198594643
53,99942 Apophis (2004 MN4),2462240.246527778,A.D. 2029-Apr-13 17:55:00.0000,19.7,0.25,-0.0006221956667764367,-0.0001551523262925656,-0.00013236152801847,0.002734263241734251,0.002354734742283617,0.001037313642673189,3.781616349983576e-06,0.0006547665738328076,-0.003365916680471468
54,99942 Apophis (2004 MN4),2462240.25,A.D. 2029-Apr-13 18:00:00.0000,19.7,0.25,-0.00061268967308085,-0.0001469732047577015,-0.0001287571957902424,0.002741233967499598,0.002356439211303327,0.001038788198785518,3.714193467022637e-06,0.0006430926635286978,-0.003358163984849532
55,99942 Apophis (2004 MN4),2462240.253472222,A.D. 2029-Apr-13 18:05:00.0000,19.7,0.25,-0.0006031589999210728,-0.0001387881676397734,-0.0001251476754670824,0.002748481083684675,0.002358141468872494,0.001040302166298665,3.646931718594186e-06,0.0006314466528040264,-0.003349839014491601
56,99942 Apophis (2004 MN4),2462240.256944444,A.D. 2029-Apr-13 18:10:00.0000,19.7,0.25,-0.0005936026613078982,-0.0001305972297131211,-0.0001215328283277716,0.002756019904463025,0.002359837329607094,0.001041856622897023,3.579843046662072e-06,0.0006198306093457377,-0.003340894622815747
57,99942 Apophis (2004 MN4),2462240.260416667,A.D. 2029-Apr-13 18:15:00.0000,19.7,0.25,-0.0005840196163218325,-0.0001224004213539557,-0.0001179125119465099,0.002763866765580542,0.002361521978621932,0.001043452622740857,3.512940382774715e-06,0.0006082467721820332,-0.003331279187548421
58,99942 Apophis (2004 MN4),2462240.263888889,A.D. 2029-Apr-13 18:20:00.0000,19.7,0.25,-0.0005744087654485126,-0.000114197790873843,-0.000114286580296968,0.002772039095279088,0.002363189884744125,0.0010450911830976,3.446237742517963e-06,0.0005966975680363761,-0.00332093613634671
59,99942 Apophis (2004 MN4),2462240.267361111,A.D. 2029-Apr-13 18:25:00.0000,19.7,0.25,-0.0005647689466541463,-0.0001059894071743621,-0.0001106548839076275,0.00278055548871567,0.002364834701560766,0.001046773268165329,3.379750329963976e-06,0.0005851856294122552,-0.003309803419080714
60,99942 Apophis (2004 MN4),2462240.270833333,A.D. 2029-Apr-13 18:30:00.0000,19.7,0.25,-0.0005550989312001796,-9.777536276977767e-05,-0.0001070172700789091,0.002789435785518505,0.002366449154580905,0.001048499769568029,3.313494653304512e-06,0.0005737138146144693,-0.003297812920972073
61,99942 Apophis (2004 MN4),2462240.274305556,A.D. 2029-Apr-13 18:35:00.0000,19.7,0.25,-0.0005453974191852352,-8.955577722801526e-05,-0.000103373583174537,0.002798701149915912,0.002368024912562957,0.001050271482910131,3.247488652904283e-06,0.0005622852299208756,-0.003284889810335472
62,99942 Apophis (2004 MN4),2462240.277777778,A.D. 2029-Apr-13 18:40:00.0000,19.7,0.25,-0.0005356630347983878,-8.133080109484363e-05,-9.972366500199383e-05,0.002808374152607682,0.002369552440807925,0.001052089079670575,3.181751843110465e-06,0.0005509032541359488,-0.003270951814292559
63,99942 Apophis (2004 MN4),2462240.28125,A.D. 2029-Apr-13 18:45:00.0000,19.7,0.25,-0.0005258943213100718,-7.310062033267431e-05,-9.606735530180415e-05,0.002818478853193512,0.002371020833946479,0.001053953073591666,3.116305469475109e-06,0.0005395715658129939,-0.003255908415328186
64,99942 Apophis (2004 MN4),2462240.284722222,A.D. 2029-Apr-13 18:50:00.0000,19.7,0.25,-0.0005160897357348794,-6.486546143935489e-05,-9.240449235998754e-05,0.002829040881558195,0.002372417625465334,0.001055863780580076,3.051172682745836e-06,0.0005282941733797043,-0.003239659961884329
65,99942 Apophis (2004 MN4),2462240.288194444,A.D. 2029-Apr-13 18:55:00.0000,19.7,0.25,-0.0005062476432580882,-5.66255972131222e-05,-8.873491377770079e-05,0.002840087515998806,0.002373728570913412,0.001057821270966359,2.986378731803378e-06,0.0005170754485442597,-0.003222096685373267
66,99942 Apophis (2004 MN4),2462240.291666667,A.D. 2029-Apr-13 19:00:00.0000,19.7,0.25,-0.0004963663113822903,-4.838135335087141e-05,-8.505845741857369e-05,0.002851647755210724,0.002374937401445213,0.001059825312793688,2.921951177224361e-06,0.0005059201632725761,-0.003203097617177509
67,99942 Apophis (2004 MN4),2462240.295138889,A.D. 2029-Apr-13 19:05:00.0000,19.7,0.25,-0.0004864439038419347,-4.013311595259081e-05,-8.137496257217954e-05,0.002863752380314721,0.002376025544077999,0.001061875304597192,2.857920127623805e-06,0.000494833530709742,-0.003182529399519207
68,99942 Apophis (2004 MN4),2462240.298611111,A.D. 2029-Apr-13 19:10:00.0000,19.7,0.25,-0.0004764784743274181,-3.188134006057472e-05,-7.768427137111161e-05,0.002876434001987978,0.002376971804822446,0.001063970195911398,2.794318500950999e-06,0.0004838212504219948,-0.003160244985707082
69,99942 Apophis (2004 MN4),2462240.302083333,A.D. 2029-Apr-13 19:15:00.0000,19.7,0.25,-0.000466467960078292,-2.362655936956583e-05,-7.39862305081368e-05,0.002889727086350826,0.00237775201070966,0.001066108393502432,2.73118231296865e-06,0.000472889558345339,-0.003136082227608653
70,99942 Apophis (2004 MN4),2462240.305555556,A.D. 2029-Apr-13 19:20:00.0000,19.7,0.25,-0.0004564101754408088,-1.536939725600444e-05,-7.028069330760276e-05,0.002903667951527022,0.002378338606747107,0.00106828765107496,2.668550995215362e-06,0.0004620452818390424,-0.003109862351769983
71,99942 Apophis (2004 MN4),2462240.309027778,A.D. 2029-Apr-13 19:25:00.0000,19.7,0.25,-0.0004463028054916083,-7.110579297705065e-06,-6.656752221057666e-05,0.002918294724672804,0.002378700204075278,0.001070504939958649,2.606467744530219e-06,0.0004512959002039404,-0.003081388330889307
72,99942 Apophis (2004 MN4),2462240.3125,A.D. 2029-Apr-13 19:30:00.0000,19.7,0.25,-0.0004361433999227762,1.14905257977163e-06,-6.28465917495027e-05,0.002933647246683613,0.002378801076160892,0.001072756298058953,2.544979906320812e-06,0.0004406496110432396,-0.003050443164485796
73,99942 Apophis (2004 MN4),2462240.315972222,A.D. 2029-Apr-13 19:35:00.0000,19.7,0.25,-0.0004259293673255331,9.408524052030856e-06,-5.911779208332709e-05,0.002949766908756328,0.002378600600910704,0.001075036654204321,2.484139392767402e-06,0.0004301154026723224,-0.003016788093576535
74,99942 Apophis (2004 MN4),2462240.319444444,A.D. 2029-Apr-13 19:40:00.0000,19.7,0.25,-0.0004156579702349312,1.766671037470251e-05,-5.538103319496153e-05,0.002966696401313002,0.002378052648299986,0.001077339624956774,2.424003137460498e-06,0.0004197031328368041,-0.002980160786881845
75,99942 Apophis (2004 MN4),2462240.322916667,A.D. 2029-Apr-13 19:45:00.0000,19.7,0.25,-0.0004053263212035011,2.592231611268737e-05,-5.163624984348691e-05,0.002984479351647423,0.002377104915743705,0.001079657281063851,2.364633586076432e-06,0.0004094236136703755,-0.002940273555720378
76,99942 Apophis (2004 MN4),2462240.326388889,A.D. 2029-Apr-13 19:50:00.0000,19.7,0.25,-0.0003949313803781852,3.417385248580536e-05,-4.78834073841902e-05,0.003003159822002679,0.002375698217293457,0.001081979881115538,2.306099221979631e-06,0.0003992887027000146,-0.002896811678313873
77,99942 Apophis (2004 MN4),2462240.329861111,A.D. 2029-Apr-13 19:55:00.0000,19.7,0.25,-0.0003844699551040964,4.241961218208575e-05,-4.412250857305554e-05,0.003022781634672221,0.002373765738218003,0.00108429557071222,2.248475123393042e-06,0.0003893113993170555,-0.002849431945496756
78,99942 Apophis (2004 MN4),2462240.333333333,A.D. 2029-Apr-13 20:00:00.0000,19.7,0.25,-0.000373938702230048,5.06576415484493e-05,-4.035360147622902e-05,0.003043387485586998,0.00237123227405484,0.001086590046761518,2.191843546303991e-06,0.0003795059457042089,-0.002797761578995104
79,99942 Apophis (2004 MN4),2462240.336805556,A.D. 2029-Apr-13 20:05:00.0000,19.7,0.25,-0.0003633341339218813,5.88857101531372e-05,-3.65767886039031e-05,0.00306501780302531,0.002368013483317996,0.001088846188572946,2.136294523710963e-06,0.0003698879305919261,-0.00274139772157166
80,99942 Apophis (2004 MN4),2462240.340277778,A.D. 2029-Apr-13 20:10:00.0000,19.7,0.25,-0.0003526526279396329,6.710127782970199e-05,-3.279223737567158e-05,0.003087709304394264,0.00236401519621324,0.001091043660472009,2.081926467208385e-06,0.0003604743934195748,-0.002679907755918043
81,99942 Apophis (2004 MN4),2462240.34375,A.D. 2029-Apr-13 20:15:00.0000,19.7,0.25,-0.0003418904435501289,7.530145953181134e-05,-2.900019200557528e-05,0.003111493202574941,0.002359132838384021,0.001093158494986628,2.028846751430417e-06,0.0003512839255287454,-0.002612830775098609
82,99942 Apophis (2004 MN4),2462240.347222222,A.D. 2029-Apr-13 20:20:00.0000,19.7,0.25,-0.000331043744291622,8.34829884362204e-05,-2.520098684253472e-05,0.003136393015836512,0.002353251049085835,0.001095162671573085,1.977172253853295e-06,0.0003423367636271287,-0.002539680600702231
83,99942 Apophis (2004 MN4),2462240.350694444,A.D. 2029-Apr-13 20:25:00.0000,19.7,0.25,-0.0003201086291363878,9.164217826570865e-05,-2.139506115436742e-05,0.00316242194374022,0.002346243597075393,0.001097023713578461,1.927029815045824e-06,0.0003336548694784186,-0.002459950816562093
84,99942 Apophis (2004 MN4),2462240.354166667,A.D. 2029-Apr-13 20:30:00.0000,19.7,0.25,-0.0003090811735264773,9.977488598887161e-05,-1.758297523243282e-05,0.003189579788950973,0.002337973723860509,0.001098704335850411,1.878556573174075e-06,0.000325261987820005,-0.002373122352170815
85,99942 Apophis (2004 MN4),2462240.357638889,A.D. 2029-Apr-13 20:35:00.0000,19.7,0.25,-0.0002979574818837257,0.0001078764766823029,-1.376542756976792e-05,0.003217849434328336,0.002328295070670572,0.001100162186953994,1.831900116116788e-06,0.0003171836727009395,-0.002278674190186649
86,99942 Apophis (2004 MN4),2462240.361111111,A.D. 2029-Apr-13 20:40:00.0000,19.7,0.25,-0.0002867337530532772,0.0001159417928828581,-9.943272690601087e-06,0.003247192929744535,0.002317053368701118,0.001101349742802871,1.787218382721537e-06,0.0003094472703849703,-0.002176097768915274
87,99942 Apophis (2004 MN4),2462240.364583333,A.D. 2029-Apr-13 20:45:00.0000,19.7,0.25,-0.0002754063598518169,0.0001239651314123237,-6.117538986701225e-06,0.00327754730653143,0.002304089085861177,0.001102214421434673,1.744679233941988e-06,0.0003020818450952605,-0.002064915573187103
88,99942 Apophis (2004 MN4),2462240.368055556,A.D. 2029-Apr-13 20:50:00.0000,19.7,0.25,-0.0002639719433450537,0.0001319402313286052,-2.289445656137973e-06,0.003308820320421158,0.002289241218997855,0.00110269899951829,1.704459606359083e-06,0.0002951180324511237,-0.001944704221654589
89,99942 Apophis (2004 MN4),2462240.371527778,A.D. 2029-Apr-13 20:55:00.0000,19.7,0.25,-0.0002524275216076241,0.000139860277262016,1.539582453250278e-06,0.003340886424066229,0.002272352387738677,0.001102742416758035,1.666744157408153e-06,0.0002885878048963709,-0.001815122029589104
90,99942 Apophis (2004 MN4),2462240.375,A.D. 2029-Apr-13 21:00:00.0000,19.7,0.25,-0.0002407706115117372,0.0001477179228633055,5.367903585302528e-06,0.003373583379838123,0.002253275313079134,0.00110228105034545,1.631723317026815e-06,0.0002825241343526009,-0.001675940525028369
91,99942 Apophis (2004 MN4),2462240.378472222,A.D. 2029-Apr-13 21:05:00.0000,19.7,0.25,-0.0002289993603885777,0.0001555053390545355,9.193653158635003e-06,0.003406710027452959,0.00223188064039722,0.001101250523017533,1.599590676627858e-06,0.00027696054013387,-0.001527078716874395
92,99942 Apophis (2004 MN4),2462240.381944444,A.D. 2029-Apr-13 21:10:00.0000,19.7,0.25,-0.00021711268263784,0.0001632142915527501,1.301474509485483e-05,0.003440025794726544,0.002208065888439504,0.001099588070429722,1.570539679898378e-06,0.0002719305159763237,-0.001368638084515011
93,99942 Apophis (2004 MN4),2462240.385416667,A.D. 2029-Apr-13 21:15:00.0000,19.7,0.25,-0.0002051103941092297,0.0001708362507834118,1.682888230094028e-05,0.003473252552576454,0.002181765079356147,0.001097235433694036,1.544759628113914e-06,0.0002674668383797797,-0.001200935374374593
94,99942 Apophis (2004 MN4),2462240.388888889,A.D. 2029-Apr-13 21:20:00.0000,19.7,0.25,-0.0001929933352057358,0.0001783625354488948,2.063357795387568e-05,0.003506079332845331,0.002152958353636956,0.001094142162518464,1.522431080194255e-06,0.0002636007701520814,-0.001024529501611081
95,99942 Apophis (2004 MN4),2462240.392361111,A.D. 2029-Apr-13 21:25:00.0000,19.7,0.25,-0.0001807634721412517,0.0001857844881393641,2.442618868079019e-05,0.00353817022306173,0.002121680640564621,0.001090269121203866,1.503720807106314e-06,0.0002603611867910349,-0.0008402383864271774
96,99942 Apophis (2004 MN4),2462240.395833333,A.D. 2029-Apr-13 21:30:00.0000,19.7,0.25,-0.0001684239652348835,0.0001930936778511062,2.820395984483514e-05,0.003569175418805103,0.00208802829949846,0.001085591899127016,1.488776544092105e-06,0.0002577736678608525,-0.0006491416439252144
97,99942 Apophis (2004 MN4),2462240.399305556,A.D. 2029-Apr-13 21:35:00.0000,19.7,0.25,-0.0001559791939418706,0.0002002821204417769,3.196408198451985e-05,0.003598744978013872,0.0020521626354054,0.00108010376088296,1.477721859016496e-06,0.0002558596084741068,-0.0004525658906792508
98,99942 Apophis (2004 MN4),2462240.402777778,A.D. 2029-Apr-13 21:40:00.0000,19.7,0.25,-0.0001434347307064567,0.0002073425044896105,3.570375614064822e-05,0.003626544347876128,0.002014309374987791,0.00107381775248961,1.470651504570648e-06,0.0002546354145507038,-0.0002520510913402284
99,99942 Apophis (2004 MN4),2462240.40625,A.D. 2029-Apr-13 21:45:00.0000,19.7,0.25,-0.0001307972597452219,0.0002142684075242951,3.942026452835194e-05,0.003652270322516619,0.001974753581305139,0.001066767627018211,1.467627631601929e-06,0.0002541118471762812,-4.929869664357049e-05
100,99942 Apophis (2004 MN4),2462240.409722222,A.D. 2029-Apr-13 21:50:00.0000,19.7,0.25,-0.0001180744419017871,0.0002210544865792291,4.311104203757524e-05,0.003675665847587168,0.001933830043120027,0.001059007370095831,1.468677198602194e-06,0.0002542935740690092,0.000153895060603283
101,99942 Apophis (2004 MN4),2462240.413194444,A.D. 2029-Apr-13 21:55:00.0000,19.7,0.25,-0.0001052747324502324,0.0002276966284523496,4.677374355481134e-05,0.003696532100641069,0.001891909802512657,0.001050609278537805,1.473790821939511e-06,0.0002551789705033834,0.0003557149880766818
102,99942 Apophis (2004 MN4),2462240.416666667,A.D. 2029-Apr-13 22:00:00.0000,19.7,0.25,-9.240716356951225e-05,0.0002341920481576236,5.040630229216954e-05,0.00371473657124834,0.001849384046459804,0.001041660741305974,1.482923177843008e-06,0.0002567601889117447,0.0005544046159529207
103,99942 Apophis (2004 MN4),2462240.420138889,A.D. 2029-Apr-13 22:05:00.0000,19.7,0.25,-7.948110688289967e-05,0.0002405393291526554,5.400697513624796e-05,0.003730216393748069,0.001806646956312167,0.00103226004895607,1.495994917132721e-06,0.0002590234904094756,0.0007483381584074354
104,99942 Apophis (2004 MN4),2462240.423611111,A.D. 2029-Apr-13 22:10:00.0000,19.7,0.25,-6.650603290878312e-05,0.0002467384046574228,5.757437239391231e-05,0.003742976835659918,0.001764079200194934,0.001022511676718816,1.512895909107094e-06,0.0002619498064567087,0.0009360801533147379
105,99942 Apophis (2004 MN4),2462240.427083333,A.D. 2029-Apr-13 22:15:00.0000,19.7,0.25,-5.349128347167344e-05,0.0002527904849786229,6.11074709474471e-05,0.003753085473111518,0.001722033558209634,0.001012521524175918,1.533489517551727e-06,0.0002655154792262919,0.001116428201774463
106,99942 Apophis (2004 MN4),2462240.430555556,A.D. 2029-Apr-13 22:20:00.0000,19.7,0.25,-4.044587042329863e-05,0.0002586979402495294,6.460561145232797e-05,0.003760663063675662,0.001680823752835644,0.001002392550090803,1.557617545353223e-06,0.0002696931177371357,0.001288436791904022
107,99942 Apophis (2004 MN4),2462240.434027778,A.D. 2029-Apr-13 22:25:00.0000,19.7,0.25,-2.73783099638365e-05,0.000264464150809509,6.806848156366229e-05,0.003765872381090671,0.001640717028185325,0.0009922211336504496,1.585105469543101e-06,0.0002744525042739695,0.001451422719718739
108,99942 Apophis (2004 MN4),2462240.4375,A.D. 2029-Apr-13 22:30:00.0000,19.7,0.25,-1.429649742117263e-05,0.0002700933384592772,7.149608808566441e-05,0.003768906295210356,0.001601930501157399,0.0009820943542297007,1.615767620563596e-06,0.0002797614911494152,0.001604954636611743
109,99942 Apophis (2004 MN4),2462240.440972222,A.D. 2029-Apr-13 22:35:00.0000,19.7,0.25,-1.207623036028264e-06,0.0002755903910049461,7.488872136991341e-05,0.003769976209487344,0.001564630888384571,0.000972088242794791,1.649412023316271e-06,0.0002855868389055713,0.001748830498170233
110,99942 Apophis (2004 MN4),2462240.444444444,A.D. 2029-Apr-13 22:40:00.0000,19.7,0.25,1.1881873921918e-05,0.00028096069084166,7.824691524972056e-05,0.003769301682755413,0.001528936944802011,0.0009622669436660904,1.685844700236856e-06,0.0002918949613683253,0.001883047124366623
111,99942 Apophis (2004 MN4),2462240.447916667,A.D. 2029-Apr-13 22:45:00.0000,19.7,0.25,2.496631785725172e-05,0.0002862099555601366,8.157140545311941e-05,0.003767101740674037,0.001494923836800467,0.0009526826480671252,1.724873318399982e-06,0.0002986525571239628,0.002007765855691206
112,99942 Apophis (2004 MN4),2462240.451388889,A.D. 2029-Apr-13 22:50:00.0000,19.7,0.25,3.804078265546378e-05,0.0002913440959896529,8.486308887092092e-05,0.003763588086698137,0.001462628688706735,0.0009433761224041829,1.766310137227867e-06,0.000305827119899106,0.002123277626323947
113,99942 Apophis (2004 MN4),2462240.454861111,A.D. 2029-Apr-13 22:55:00.0000,19.7,0.25,5.11010572055952e-05,0.0002963690945628354,8.812298542553777e-05,0.003758960189669717,0.001432056642978401,0.0009343776482203996,1.809974271239059e-06,0.0003133873303435127,0.00222996991434887
114,99942 Apophis (2004 MN4),2462240.458333333,A.D. 2029-Apr-13 23:00:00.0000,19.7,0.25,6.414359688152505e-05,0.0003012909048471416,9.135220367360979e-05,0.003753402067844876,0.001403186919230232,0.0009257082074372835,1.855693322800403e-06,0.0003213033387323163,0.002328297158063657
115,99942 Apophis (2004 MN4),2462240.461805556,A.D. 2029-Apr-13 23:05:00.0000,19.7,0.25,7.716546642150047e-05,0.00030611537156826,9.455191074610528e-05,0.003747080502689512,0.00137597851042918,0.0009173807757294339,1.903304463849506e-06,0.0003295469522604647,0.002418755468555745
116,99942 Apophis (2004 MN4),2462240.465277778,A.D. 2029-Apr-13 23:10:00.0000,19.7,0.25,9.016427866396922e-05,0.0003108481694349292,9.77233068138154e-05,0.003740144385829483,0.001350375293469951,0.000909401620385849,1.952655055969419e-06,0.0003380917424053231,0.002501861879917149
117,99942 Apophis (2004 MN4),2462240.46875,A.D. 2029-Apr-13 23:15:00.0000,19.7,0.25,0.0001031381325401366,0.0003154947585531677,0.000100867603956018,0.003732724911860739,0.001326310444192282,0.0009017715311111713,2.003602898830784e-06,0.0003469130879430992,0.002578137968256715
118,99942 Apophis (2004 MN4),2462240.472222222,A.D. 2029-Apr-13 23:20:00.0000,19.7,0.25,0.0001160855528773977,0.0003200603538479843,0.000103986009124308,0.003724936362313289,0.001303710130331416,0.0008944869396707981,2.056016190300023e-06,0.0003559881680417885,0.002648097421150405
119,99942 Apophis (2004 MN4),2462240.475694444,A.D. 2029-Apr-13 23:25:00.0000,19.7,0.25,0.0001290054335922345,0.000324549906158798,0.0001070797107608352,0.003716877269385078,0.001282496512226878,0.0008875409059064724,2.109773272651346e-06,0.0003652959183191473,0.002712237011818
120,99942 Apophis (2004 MN4),2462240.479166667,A.D. 2029-Apr-13 23:30:00.0000,19.7,0.25,0.000141896985357111,0.0003289680926062128,0.0001101498685995684,0.00370863179329916,0.001262590114663587,0.0008809239633374813,2.164762226921066e-06,0.0003748169606073186,0.002771030398832442
121,99942 Apophis (2004 MN4),2462240.482638889,A.D. 2029-Apr-13 23:35:00.0000,19.7,0.25,0.000154759688235422,0.0003333193142248026,0.0001131976061636529,0.003700271189089248,0.00124391164989046,0.000874624828178753,2.220880366593642e-06,0.0003845335152872883,0.002824924193505632
122,99942 Apophis (2004 MN4),2462240.486111111,A.D. 2029-Apr-13 23:40:00.0000,19.7,0.25,0.0001675932494279324,0.0003376076990954798,0.0001162240055013726,0.003691855274569407,0.001226383376531027,0.0008686309820831778,2.278033670899381e-06,0.0003944293031674247,0.002874335792950421
123,99942 Apophis (2004 MN4),2462240.489583333,A.D. 2029-Apr-13 23:45:00.0000,19.7,0.25,0.0001803975660326907,0.0003418371095096574,0.0001192301037463715,0.00368343384035886,0.001209930076163845,0.0008629291423298026,2.336136188702478e-06,0.0004044894422698904,0.002919652547483789
124,99942 Apophis (2004 MN4),2462240.493055556,A.D. 2029-Apr-13 23:50:00.0000,19.7,0.25,0.0001931726925417082,0.0003460111519695455,0.0001222168911366189,0.003675047965332872,0.001194479722035279,0.0008575056344433849,2.395109436015372e-06,0.0004147003435134885,0.00296123190465317
125,99942 Apophis (2004 MN4),2462240.496527778,A.D. 2029-Apr-13 23:55:00.0000,19.7,0.25,0.0002059188127182025,0.0003501331890649256,0.0001251853101795341,0.003666731217549232,0.001179963904982983,0.0008523466820882373,2.454881803724184e-06,0.0004250496081645003,0.002999402241989626
126,99942 Apophis (2004 MN4),2462240.5,A.D. 2029-Apr-14 00:00:00.0000,19.7,0.25,0.0002186362154045761,0.0003542063525218065,0.0001281362556985855,0.003658510732574226,0.001166318071736206,0.0008474386280974992,2.515387987063141e-06,0.0004355259290532446,0.003034464162142207
127,99942 Apophis (2004 MN4),2462240.503472222,A.D. 2029-Apr-14 00:05:00.0000,19.7,0.25,0.0002313252739107102,0.0003582335567531609,0.0001310705755497717,0.003650408169185165,0.001153481621185289,0.0008427680990557593,2.57656844404007e-06,0.000446118996803357,0.003066692077742947
128,99942 Apophis (2004 MN4),2462240.506944444,A.D. 2029-Apr-14 00:10:00.0000,19.7,0.25,0.0002439864284668,0.0003622175126196239,0.0001339890718238888,0.003642440547654834,0.001141397895637308,0.0008383221242741008,2.638368887609356e-06,0.0004568194119042661,0.003096335955200867
129,99942 Apophis (2004 MN4),2462240.510416667,A.D. 2029-Apr-14 00:15:00.0000,19.7,0.25,0.0002566201714184025,0.0003661607409861421,0.0001368925023974982,0.003634620978873593,0.001130014096486726,0.0008340882183704004,2.700739813496169e-06,0.0004676186029564905,0.003123623123057684
130,99942 Apophis (2004 MN4),2462240.513888889,A.D. 2029-Apr-14 00:20:00.0000,19.7,0.25,0.0002692270347716376,0.0003700655858972282,0.0001397815827194105,0.003626959294173475,0.001119281147413057,0.000830054435179216,2.763636064368655e-06,0.0004785087512103941,0.003148760076989747
131,99942 Apophis (2004 MN4),2462240.517361111,A.D. 2029-Apr-14 00:25:00.0000,19.7,0.25,0.0002818075797707929,0.0003739342272111379,0.0001426569877433284,0.003619462586276836,0.0011091535229463,0.0008262093993608019,2.827016429772172e-06,0.0004894827212969451,0.003171934235012949
132,99942 Apophis (2004 MN4),2462240.520833333,A.D. 2029-Apr-14 00:30:00.0000,19.7,0.25,0.0002943623882120982,0.000377768692600135,0.0001455193539391419,0.003612135671687659,0.00109958905597739,0.0008225423209017813,2.890843280493438e-06,0.0005005339979198321,0.003193315612337919
133,99942 Apophis (2004 MN4),2462240.524305556,A.D. 2029-Apr-14 00:35:00.0000,19.7,0.25,0.0003068920552428561,0.0003815708688596085,0.000148369281331617,0.003604981484323386,0.001090548734379354,0.0008190429966953617,2.955082235543975e-06,0.0005116566281954347,0.003213058397278817
134,99942 Apophis (2004 MN4),2462240.527777778,A.D. 2029-Apr-14 00:40:00.0000,19.7,0.25,0.0003193971834243998,0.0003853425124979522,0.0001512073355267293,0.003598001409429595,0.001081996494212468,0.00081570180254593,3.019701859654155e-06,0.000522845169275539,0.003231302418287453
135,99942 Apophis (2004 MN4),2462240.53125,A.D. 2029-Apr-14 00:45:00.0000,19.7,0.25,0.0003318783778415346,0.000389085259643001,0.0001540340496963931,0.003591195565960045,0.001073899014894597,0.0008125096782488259,3.084673389121047e-06,0.0005340946408793676,0.003248174498221887
136,99942 Apophis (2004 MN4),2462240.534722222,A.D. 2029-Apr-14 00:50:00.0000,19.7,0.25,0.0003443362421566617,0.0003928006351794034,0.0001568499265057802,0.00358456304469322,0.001066225520077633,0.0008094581078164133,3.14997048356023e-06,0.0005454004823107352,0.003263789696872008
137,99942 Apophis (2004 MN4),2462240.538194444,A.D. 2029-Apr-14 00:55:00.0000,19.7,0.25,0.0003567713753810817,0.0003964900612759512,0.0001596554399618631,0.003578102108512626,0.001058947586773886,0.000806539096474647,3.215569001611383e-06,0.0005567585136226768,0.003278252444662321
138,99942 Apophis (2004 MN4),2462240.541666667,A.D. 2029-Apr-14 01:00:00.0000,19.7,0.25,0.0003691843693043073,0.0004001548652327836,0.0001624510371811876,0.003571810360431629,0.001052038964309095,0.0008037451456669499,3.28144679826501e-06,0.0005681649005256572,0.003291657573331162
139,99942 Apophis (2004 MN4),2462240.545138889,A.D. 2029-Apr-14 01:05:00.0000,19.7,0.25,0.0003815758064538914,0.0004037962867249321,0.0001652371400675528,0.003565684884211877,0.001045475404009606,0.0008010692270148668,3.347583541888666e-06,0.0005796161227066455,0.003304091249877561
140,99942 Apophis (2004 MN4),2462240.548611111,A.D. 2029-Apr-14 01:10:00.0000,19.7,0.25,0.0003939462585036883,0.0004074154844748767,0.000168014146898463,0.003559722361746539,0.001039234500016734,0.0007985047559463046,3.413960549081801e-06,0.0005911089452351162,0.003315631820821812
141,99942 Apophis (2004 MN4),2462240.552083333,A.D. 2029-Apr-14 01:15:00.0000,19.7,0.25,0.0004062962850518619,0.0004110135423902604,0.0001707824338212067,0.003553919170785107,0.001033295541258276,0.0007960455655173227,3.480560635607133e-06,0.0006026403927526175,0.003326350573961139
142,99942 Apophis (2004 MN4),2462240.555555556,A.D. 2029-Apr-14 01:20:00.0000,19.7,0.25,0.0004186264327110656,0.0004145914752075424,0.0001735423562578495,0.003548271466055148,0.001027639374350975,0.0007936858808081491,3.547367981841569e-06,0.0006142077261763197,0.003336312424722629
143,99942 Apophis (2004 MN4),2462240.559027778,A.D. 2029-Apr-14 01:25:00.0000,19.7,0.25,0.0004309372344589965,0.0004181502336719378,0.0001762942502236495,0.003542775246382595,0.001022248277033628,0.0007914202941609486,3.614368011285298e-06,0.0006258084216635176,0.00334557653395541
144,99942 Apophis (2004 MN4),2462240.5625,A.D. 2029-Apr-14 01:30:00.0000,19.7,0.25,0.0004432292091768122,0.0004216907093272532,0.0001790384335592818,0.003537426410025067,0.001017105841622915,0.0007892437414417493,3.681547280850177e-06,0.0006374401516156522,0.003354196863496003
145,99942 Apophis (2004 MN4),2462240.565972222,A.D. 2029-Apr-14 01:35:00.0000,19.7,0.25,0.0004555028614106689,0.0004252137388521817,0.0001817752070862984,0.003532220800084272,0.001012196867904045,0.0007871514794359789,3.748893381664473e-06,0.0006491007675031859,0.003362222675850809
146,99942 Apophis (2004 MN4),2462240.569444444,A.D. 2029-Apr-14 01:40:00.0000,19.7,0.25,0.0004677586812264922,0.0004287201081066036,0.0001845048556823109,0.003527154241597109,0.001007507264858054,0.0007851390644469233,3.816394849435214e-06,0.0006607882843453228,0.003369698983120462
147,99942 Apophis (2004 MN4),2462240.572916667,A.D. 2029-Apr-14 01:45:00.0000,19.7,0.25,0.0004799971442069896,0.0004322105558175479,0.0001872276492860371,0.003522222571638203,0.00100302396059524,0.0007832023321177646,3.884041083326588e-06,0.0006725008666642405,0.003376666950596544
148,99942 Apophis (2004 MN4),2462240.576388889,A.D. 2029-Apr-14 01:50:00.0000,19.7,0.25,0.0004922187115375122,0.0004356857769720111,0.0001899438438342105,0.003517421663572445,0.0009987348198869977,0.0007813373784766268,3.951822272518646e-06,0.0006842368157691229,0.003383164259535431
149,99942 Apophis (2004 MN4),2462240.579861111,A.D. 2029-Apr-14 01:55:00.0000,19.7,0.25,0.0005044238301664238,0.0004391464259376179,0.0001926536821339296,0.003512747446412817,0.0009946285687018142,0.0007795405421810668,4.01972932966903e-06,0.0006959945582354147,0.003389225433331214
150,99942 Apophis (2004 MN4),2462240.583333333,A.D. 2029-Apr-14 02:00:00.0000,19.7,0.25,0.0005166129330258329,0.0004425931193295368,0.0001953573946768487,0.003508195920091199,0.0009906947251798618,0.000777808387924806,4.087753830573751e-06,0.0007077726354574112,0.003394882130895299
151,99942 Apophis (2004 MN4),2462240.586805556,A.D. 2029-Apr-14 02:05:00.0000,19.7,0.25,0.0005287864392989402,0.0004460264386514689,0.0001980552003959075,0.003503763167321965,0.0009869235365121021,0.0007761376909596382,4.155887959419407e-06,0.0007195696941689716,0.003400163410648117
152,99942 Apophis (2004 MN4),2462240.590277778,A.D. 2029-Apr-14 02:10:00.0000,19.7,0.25,0.0005409447547292227,0.0004494469327176954,0.0002007473073719374,0.003499445362630927,0.00098330592122326,0.0007745254226790315,4.224124459054689e-06,0.0007313844778332985,0.003405095968218246
153,99942 Apophis (2004 MN4),2462240.59375,A.D. 2029-Apr-14 02:15:00.0000,19.7,0.25,0.0005530882719336014,0.0004528551199181426,0.0002034339134900717,0.003495238779034298,0.0009798334163964298,0.0007729687372077621,4.292456585809549e-06,0.0007432158188201181,0.003409704350496874
154,99942 Apophis (2004 MN4),2462240.597222222,A.D. 2029-Apr-14 02:20:00.0000,19.7,0.25,0.0005652173707791591,0.000456251490240791,0.0002061152070538178,0.003491139792766853,0.0009764981294028973,0.0007714649589360844,4.360878068343786e-06,0.0007550626312805357,0.003414011148746308
155,99942 Apophis (2004 MN4),2462240.600694444,A.D. 2029-Apr-14 02:25:00.0000,19.7,0.25,0.000577332418729777,0.000459636507201539,0.0002087913673545708,0.003487144886409178,0.0009732926937494076,0.000770011570944055,4.429383070224956e-06,0.000766923904667599,0.003418037172650068
156,99942 Apophis (2004 MN4),2462240.604166667,A.D. 2029-Apr-14 02:30:00.0000,19.7,0.25,0.0005894337712242465,0.0004630106095920015,0.0002114625652045739,0.003483250650693848,0.0009702102286729949,0.0007686062042552851,4.497966155800071e-06,0.0007787986978271682,0.003421801607510435
157,99942 Apophis (2004 MN4),2462240.607638889,A.D. 2029-Apr-14 02:35:00.0000,19.7,0.25,0.0006015217720513936,0.0004663742131020626,0.0002141289634326573,0.00347945378523397,0.0009672443021528888,0.0007672466278655428,4.566622259063097e-06,0.0007906861336074896,0.003425322156244362
158,99942 Apophis (2004 MN4),2462240.611111111,A.D. 2029-Apr-14 02:40:00.0000,19.7,0.25,0.0006135967537307813,0.0004697277118175463,0.0002167907173471043,0.003475751098375325,0.0009643888970349621,0.0007659307394922805,4.635346655245305e-06,0.0008025853939402168,0.003428615167775506
159,99942 Apophis (2004 MN4),2462240.614583333,A.D. 2029-Apr-14 02:45:00.0000,19.7,0.25,0.0006256590378858417,0.0004730714796063927,0.0002194479751676025,0.003472139506341456,0.0009616383799913461,0.0007646565569941667,4.704134934834266e-06,0.0008144957153419407,0.003431695753205259
160,99942 Apophis (2004 MN4),2462240.618055556,A.D. 2029-Apr-14 02:50:00.0000,19.7,0.25,0.0006377089356184015,0.0004764058714013889,0.0002221008784284353,0.003468616031813199,0.0009589874730625854,0.0007634222104121116,4.772982979833438e-06,0.0008264163848036617,0.003434577891025918
161,99942 Apophis (2004 MN4),2462240.621527778,A.D. 2029-Apr-14 02:55:00.0000,19.7,0.25,0.0006497467478804209,0.0004797312243807876,0.0002247495623553759,0.00346517780206073,0.000956431227552108,0.0007622259345863182,4.841886942020456e-06,0.0008383467360263328,0.003437274522495017
162,99942 Apophis (2004 MN4),2462240.625,A.D. 2029-Apr-14 03:00:00.0000,19.7,0.25,0.0006617727658114647,0.0004830478590974245,0.0002273941562158113,0.003461822046728916,0.0009539650000659479,0.0007610660623075746,4.910843223019859e-06,0.000850286145970556,0.003439797638089276
163,99942 Apophis (2004 MN4),2462240.628472222,A.D. 2029-Apr-14 03:05:00.0000,19.7,0.25,0.0006737872711213975,0.0004863560804582784,0.0002300347836503271,0.00345854609535335,0.0009515844305034987,0.000759941017960695,4.979848456043291e-06,0.0008622340316949985,0.003442158356124784
164,99942 Apophis (2004 MN4),2462240.631944444,A.D. 2029-Apr-14 03:10:00.0000,19.7,0.25,0.0006857905364119178,0.0004896561787004396,0.0002326715629786001,0.003455347374682042,0.0009492854218325846,0.0007588493116261648,5.048899489123118e-06,0.000874189847453382,0.003444366994075793
165,99942 Apophis (2004 MN4),2462240.635416667,A.D. 2029-Apr-14 03:15:00.0000,19.7,0.25,0.000697782825514629,0.000492948430264923,0.0002353046074877776,0.003452223405854447,0.0009470641214882155,0.0007577895336032025,5.117993369715639e-06,0.000886153082028612,0.003446433133498862
166,99942 Apophis (2004 MN4),2462240.638888889,A.D. 2029-Apr-14 03:20:00.0000,19.7,0.25,0.0007097643938145655,0.0004962330986151484,0.0002379340257019102,0.003449171801486894,0.0009449169042543663,0.0007567603493232506,5.187127330547488e-06,0.0008981232562821577,0.003448365679119768
167,99942 Apophis (2004 MN4),2462240.642361111,A.D. 2029-Apr-14 03:25:00.0000,19.7,0.25,0.0007217354885595761,0.0004995104349984407,0.0002405599216350212,0.003446190262701846,0.0009428403564996137,0.0007557604946240709,5.256298776576757e-06,0.0009100999208964415,0.003450172912660305
168,99942 Apophis (2004 MN4),2462240.645833333,A.D. 2029-Apr-14 03:30:00.0000,19.7,0.25,0.0007336963491673163,0.000502780679155724,0.0002431823950272281,0.003443276576134111,0.0009408312616494801,0.000754788771357333,5.325505273022212e-06,0.000922082654302161,0.003451862541924916
169,99942 Apophis (2004 MN4),2462240.649305556,A.D. 2029-Apr-14 03:35:00.0000,19.7,0.25,0.0007456472075119199,0.0005060440599816759,0.0002458015415671393,0.003440428610937527,0.0009388865867897948,0.000753844043304335,5.394744534285826e-06,0.0009340710607602851,0.003453441745589396
170,99942 Apophis (2004 MN4),2462240.652777778,A.D. 2029-Apr-14 03:40:00.0000,19.7,0.25,0.0007575882882138589,0.0005093007961339898,0.0002484174531005415,0.00343764431581519,0.000937003470302251,0.0007529252323761504,5.464014413776942e-06,0.0009460647686001634,0.003454917214124901
171,99942 Apophis (2004 MN4),2462240.65625,A.D. 2029-Apr-14 03:45:00.0000,19.7,0.25,0.0007695198088903585,0.0005125510966354346,0.0002510302178245964,0.003434921716087819,0.0009351792104481971,0.0007520313150777474,5.533312894489707e-06,0.0009580634285880579,0.003456295187154881
172,99942 Apophis (2004 MN4),2462240.659722222,A.D. 2029-Apr-14 03:50:00.0000,19.7,0.25,0.0007814419804450571,0.0005157951613695191,0.0002536399204735278,0.003432258910814783,0.0009334112548157571,0.0007511613192145151,5.602638080318092e-06,0.0009700667124233873,0.003457581487729249
173,99942 Apophis (2004 MN4),2462240.663194444,A.D. 2029-Apr-14 03:55:00.0000,19.7,0.25,0.0007933550073000935,0.0005190331816090541,0.0002562466424902904,0.003429654069977298,0.0009316971905633468,0.000750314320824943,5.67198818801564e-06,0.0009820743113465983,0.003458781553611896
174,99942 Apophis (2004 MN4),2462240.666666667,A.D. 2029-Apr-14 04:00:00.0000,19.7,0.25,0.0008052590876433339,0.0005222653404779435,0.0002588504621892172,0.00342710543173262,0.0009300347353888268,0.0007494894413210581,5.741361539766385e-06,0.0009940859348528618,0.00345990046599911
175,99942 Apophis (2004 MN4),2462240.670138889,A.D. 2029-Apr-14 04:05:00.0000,19.7,0.25,0.0008171544136588655,0.000525491813390016,0.0002614514549087786,0.003424611299743659,0.0009284217291671622,0.0007486858448218153,5.810756556295405e-06,0.001006101309499202,0.003460942975845848
176,99942 Apophis (2004 MN4),2462240.673611111,A.D. 2029-Apr-14 04:10:00.0000,19.7,0.25,0.0008290411717503173,0.0005287127684594587,0.0002640496931555657,0.003422170040589807,0.0009268561262003784,0.0007479027356649323,5.880171750493335e-06,0.001018120177800613,0.003461913528030685
177,99942 Apophis (2004 MN4),2462240.677083333,A.D. 2029-Apr-14 04:15:00.0000,19.7,0.25,0.0008409195427566121,0.0005319283668853086,0.0002666452467401416,0.003419780081260153,0.00092533598803075,0.000747139356084041,5.949605721511728e-06,0.001030142297207707,0.003462816283552626
178,99942 Apophis (2004 MN4),2462240.680555556,A.D. 2029-Apr-14 04:20:00.0000,19.7,0.25,0.000852789702154967,0.0005351387633127501,0.0002692381829042205,0.003417439906732373,0.0009238594767712047,0.0007463949840390277,6.01905714926682e-06,0.001042167439155064,0.003463655139933144
179,99942 Apophis (2004 MN4),2462240.684027778,A.D. 2029-Apr-14 04:25:00.0000,19.7,0.25,0.000864651820264692,0.0005383441061637829,0.0002718285664421815,0.003415148057636525,0.0009224248489118909,0.0007456689311882187,6.088524789356389e-06,0.001054195388181119,0.003464433749996141
180,99942 Apophis (2004 MN4),2462240.6875,A.D. 2029-Apr-14 04:30:00.0000,19.7,0.25,0.0008765060624171215,0.000541544537982452,0.0002744164598128491,0.003412903128005648,0.0009210304495653691,0.000744960540992748,6.158007468315254e-06,0.001066225941106673,0.003465155539117399
181,99942 Apophis (2004 MN4),2462240.690972222,A.D. 2029-Apr-14 04:35:00.0000,19.7,0.25,0.0008883525891653885,0.000544740195692692,0.0002770019232490445,0.003410703763109405,0.000919674707114257,0.0007442691869420657,6.227504079233088e-06,0.001078258906276146,0.003465823721192889
182,99942 Apophis (2004 MN4),2462240.694444444,A.D. 2029-Apr-14 04:40:00.0000,19.7,0.25,0.0009001915564396148,0.0005479312109050393,0.0002795850148576486,0.003408548657373335,0.0009183561282321086,0.0007435942708937938,6.297013577647973e-06,0.001090294102846562,0.003466441313287678
183,99942 Apophis (2004 MN4),2462240.697916667,A.D. 2029-Apr-14 04:45:00.0000,19.7,0.25,0.0009120231157194317,0.0005511177101745396,0.0002821657907155277,0.003406436552379707,0.0009170732932469793,0.0007429352215184799,6.36653497774521e-06,0.001102331360129397,0.003467011149188349
184,99942 Apophis (2004 MN4),2462240.701388889,A.D. 2029-Apr-14 04:50:00.0000,19.7,0.25,0.0009238474141937516,0.0005542998152478488,0.0002847443049605638,0.003404366234948765,0.0009158248518216256,0.0007422914928420988,6.436067348803655e-06,0.001114370516975281,0.003467535891909483
185,99942 Apophis (2004 MN4),2462240.704861111,A.D. 2029-Apr-14 04:55:00.0000,19.7,0.25,0.0009356645949151602,0.0005574776432979148,0.0002873206098764526,0.003402336535298563,0.0009146095189264035,0.0007416625628796046,6.505609811892701e-06,0.001126411421202095,0.003468018045248798
186,99942 Apophis (2004 MN4),2462240.708333333,A.D. 2029-Apr-14 05:00:00.0000,19.7,0.25,0.0009474747969473371,0.000560651307143608,0.0002898947559743377,0.003400346325280977,0.0009134260710825079,0.0007410479323530087,6.575161536786316e-06,0.00113845392906066,0.00346845996447173
187,99942 Apophis (2004 MN4),2462240.711805556,A.D. 2029-Apr-14 05:05:00.0000,19.7,0.25,0.0009592781555064991,0.0005638209154571612,0.0002924667920697409,0.003398394516691334,0.0009122733428553045,0.000740447123488106,6.64472173908398e-06,0.001150497904736235,0.003468863866196873
188,99942 Apophis (2004 MN4),2462240.715277778,A.D. 2029-Apr-14 05:10:00.0000,19.7,0.25,0.0009710748021018473,0.0005669865729535944,0.0002950367653548731,0.00339648005964951,0.0009111502235788356,0.0007398596788843606,6.714289677526866e-06,0.001162543219883833,0.003469231837554764
189,99942 Apophis (2004 MN4),2462240.71875,A.D. 2029-Apr-14 05:15:00.0000,19.7,0.25,0.000982864864648324,0.0005701483806021433,0.0002976047214668608,0.003394601941050278,0.000910055654295285,0.0007392851604534121,6.783864651476336e-06,0.001174589753191634,0.00346956584464264
190,99942 Apophis (2004 MN4),2462240.722222222,A.D. 2029-Apr-14 05:20:00.0000,19.7,0.25,0.00099464846761722,0.0005733064357607989,0.0003001707045545394,0.003392759183078903,0.0009089886248919679,0.000738723148420337,6.853445998579197e-06,0.001186637389976737,0.003469867740422711
191,99942 Apophis (2004 MN4),2462240.725694444,A.D. 2029-Apr-14 05:25:00.0000,19.7,0.25,0.001006425732140165,0.0005764608323673523,0.0003027347573394756,0.003390950841791648,0.0009079481714234329,0.0007381732403849289,6.923033092567778e-06,0.001198686021804258,0.003470139271990537
192,99942 Apophis (2004 MN4),2462240.729166667,A.D. 2029-Apr-14 05:30:00.0000,19.7,0.25,0.001018196776128857,0.0005796116610895976,0.0003052969211746946,0.003389176005757008,0.0009069333736039276,0.0007376350504378561,6.99262534121117e-06,0.001210735546132593,0.003470382087349979
193,99942 Apophis (2004 MN4),2462240.732638889,A.D. 2029-Apr-14 05:35:00.0000,19.7,0.25,0.001029961714382838,0.00058275900947194,0.0003078572361008668,0.003387433794755887,0.0009059433524586108,0.0007371082083284684,7.062222184376226e-06,0.001222785865977693,0.003470597741700008
194,99942 Apophis (2004 MN4),2462240.736111111,A.D. 2029-Apr-14 05:40:00.0000,19.7,0.25,0.001041720658699662,0.0005859029620752148,0.0003104157408991137,0.003385723358538163,0.0009049772681221365,0.0007365923586807247,7.131823092245427e-06,0.001234836889604499,0.003470787703279504
195,99942 Apophis (2004 MN4),2462240.739583333,A.D. 2029-Apr-14 05:45:00.0000,19.7,0.25,0.001053473717974102,0.0005890436006094121,0.0003129724731412181,0.003384043875633226,0.0009040343177741394,0.0007360871602540817,7.201427563615977e-06,0.001246888530232438,0.003470953358799773
196,99942 Apophis (2004 MN4),2462240.743055556,A.D. 2029-Apr-14 05:50:00.0000,19.7,0.25,0.001065220998296366,0.0005921810040580107,0.0003155274692376345,0.003382394552212283,0.0009031137337022577,0.0007355922852464386,7.271035124315256e-06,0.001258940705761064,0.003471096018501482
197,99942 Apophis (2004 MN4),2462240.746527778,A.D. 2029-Apr-14 05:55:00.0000,19.7,0.25,0.0010769626030525,0.0005953152487905029,0.0003180807644834297,0.003380774621000004,0.0009022147814836411,0.000735107418636244,7.3406453257299e-06,0.001270993338515383,0.003471216920867644
198,99942 Apophis (2004 MN4),2462240.75,A.D. 2029-Apr-14 06:00:00.0000,19.7,0.25,0.001088698632994116,0.0005984464087019654,0.0003206323931001215,0.003379183340233901,0.0009013367582771814,0.0007346322575616874,7.410257743381105e-06,0.001283046354999167,0.003471317236986836
199,99942 Apophis (2004 MN4),2462240.753472222,A.D. 2029-Apr-14 06:05:00.0000,19.7,0.25,0.001100429186354334,0.000601574555279106,0.000323182388278835,0.003377619992667976,0.0009004789912180954,0.0007341665107336381,7.479871975649442e-06,0.001295099685674167,0.003471398074673215
